{"too": [40, 0.006457, 26, 0.008641], "be": [107, 0.017272, 59, 0.019608], "what": [90, 0.014528, 52, 0.017281], "like": [85, 0.013721, 55, 0.018278], "would": [38, 0.006134, 21, 0.006979], "on": [96, 0.015496, 53, 0.017614], "first": [57, 0.009201, 34, 0.011299], "well": [30, 0.004843, 13, 0.00432], "me": [49, 0.00791, 26, 0.008641], "watching": [40, 0.006457, 25, 0.008308], "series": [80, 0.012914, 34, 0.011299], "westworld": [105, 0.016949, 46, 0.015287], "interesting": [36, 0.005811, 21, 0.006979], "story": [110, 0.017756, 62, 0.020605], "park": [44, 0.007103, 15, 0.004985], "or": [70, 0.011299, 38, 0.012629], "hosts": [47, 0.007587, 21, 0.006979], "as": [103, 0.016626, 35, 0.011632], "they": [97, 0.015658, 53, 0.017614], "here": [31, 0.005004, 11, 0.003656], "some": [64, 0.010331, 30, 0.00997], "them": [31, 0.005004, 17, 0.00565], "which": [41, 0.006618, 24, 0.007976], "has": [71, 0.011461, 30, 0.00997], "been": [39, 0.006295, 26, 0.008641], "going": [39, 0.006295, 22, 0.007311], "were": [34, 0.005488, 21, 0.006979], "by": [71, 0.011461, 27, 0.008973], "ford": [54, 0.008717, 12, 0.003988], "anthony": [35, 0.00565, 8, 0.002659], "hopkins": [43, 0.006941, 9, 0.002991], "bernard": [35, 0.00565, 12, 0.003988], "from": [88, 0.014205, 36, 0.011964], "dolores": [56, 0.00904, 24, 0.007976], "who": [55, 0.008878, 18, 0.005982], "she": [38, 0.006134, 19, 0.006314], "he": [43, 0.006941, 14, 0.004653], "also": [42, 0.00678, 12, 0.003988], "man": [38, 0.006134, 13, 0.00432], "black": [35, 0.00565, 12, 0.003988], "harris": [26, 0.004197, 6, 0.001994], "seems": [29, 0.004681, 19, 0.006314], "not": [85, 0.013721, 50, 0.016617], "if": [62, 0.010008, 37, 0.012296], "human": [27, 0.004358, 9, 0.002991], "at": [56, 0.00904, 29, 0.009638], "only": [42, 0.00678, 24, 0.007976], "bad": [30, 0.004843, 23, 0.007644], "can": [69, 0.011138, 28, 0.009305], "there": [80, 0.012914, 39, 0.012961], "will": [68, 0.010977, 32, 0.010635], "an": [51, 0.008232, 23, 0.007644], "time": [54, 0.008717, 26, 0.008641], "two": [30, 0.004843, 14, 0.004653], "things": [30, 0.004843, 11, 0.003656], "very": [58, 0.009362, 26, 0.008641], "acting": [43, 0.006941, 15, 0.004985], "really": [55, 0.008878, 32, 0.010635], "good": [62, 0.010008, 28, 0.009305], "lines": [28, 0.00452, 18, 0.005982], "bit": [40, 0.006457, 19, 0.006314], "make": [31, 0.005004, 18, 0.005982], "characters": [43, 0.006941, 29, 0.009638], "more": [99, 0.015981, 45, 0.014955], "one": [84, 0.013559, 33, 0.010967], "character": [32, 0.005165, 11, 0.003656], "all": [98, 0.015819, 59, 0.019608], "line": [26, 0.004197, 14, 0.004653], "writers": [28, 0.00452, 23, 0.007644], "no": [50, 0.008071, 30, 0.00997], "than": [29, 0.004681, 15, 0.004985], "do": [41, 0.006618, 18, 0.005982], "end": [35, 0.00565, 15, 0.004985], "up": [45, 0.007264, 26, 0.008641], "because": [33, 0.005327, 18, 0.005982], "people": [28, 0.00452, 15, 0.004985], "out": [42, 0.00678, 22, 0.007311], "world": [40, 0.006457, 16, 0.005317], "its": [34, 0.005488, 12, 0.003988], "even": [45, 0.007264, 28, 0.009305], "could": [33, 0.005327, 15, 0.004985], "little": [56, 0.00904, 31, 0.010302], "now": [47, 0.007587, 30, 0.00997], "their": [37, 0.005973, 20, 0.006647], "get": [60, 0.009685, 27, 0.008973], "just": [87, 0.014044, 56, 0.018611], "something": [27, 0.004358, 12, 0.003988], "last": [33, 0.005327, 19, 0.006314], "his": [37, 0.005973, 10, 0.003323], "know": [42, 0.00678, 22, 0.007311], "other": [31, 0.005004, 13, 0.00432], "see": [32, 0.005165, 12, 0.003988], "still": [34, 0.005488, 15, 0.004985], "so": [105, 0.016949, 63, 0.020937], "don": [38, 0.006134, 21, 0.006979], "where": [36, 0.005811, 18, 0.005982], "william": [35, 0.00565, 13, 0.00432], "maeve": [41, 0.006618, 15, 0.004985], "her": [51, 0.008232, 22, 0.007311], "after": [30, 0.004843, 18, 0.005982], "plot": [50, 0.008071, 33, 0.010967], "my": [53, 0.008555, 24, 0.007976], "another": [27, 0.004358, 9, 0.002991], "episodes": [53, 0.008555, 26, 0.008641], "new": [42, 0.00678, 17, 0.00565], "great": [72, 0.011622, 18, 0.005982], "how": [37, 0.005973, 18, 0.005982], "much": [38, 0.006134, 18, 0.005982], "you": [101, 0.016303, 44, 0.014623], "think": [33, 0.005327, 15, 0.004985], "way": [32, 0.005165, 21, 0.006979], "into": [35, 0.00565, 17, 0.00565], "when": [39, 0.006295, 20, 0.006647], "questions": [32, 0.005165, 11, 0.003656], "never": [28, 0.00452, 9, 0.002991], "every": [28, 0.00452, 8, 0.002659], "m": [37, 0.005973, 20, 0.006647], "many": [46, 0.007425, 22, 0.007311], "had": [31, 0.005004, 21, 0.006979], "watch": [26, 0.004197, 19, 0.006314], "most": [29, 0.004681, 12, 0.003988], "boring": [34, 0.005488, 31, 0.010302], "any": [32, 0.005165, 16, 0.005317], "tv": [28, 0.00452, 11, 0.003656], "about": [59, 0.009524, 23, 0.007644], "ve": [27, 0.004358, 17, 0.00565], "best": [32, 0.005165, 5, 0.001662], "far": [27, 0.004358, 11, 0.003656]}