{"too": [13, 0.001631, 24, 0.003352], "and": [377, 0.047291, 289, 0.040369], "to": [228, 0.0286, 237, 0.033105], "be": [47, 0.005896, 57, 0.007962], "i": [128, 0.016056, 207, 0.028915], "what": [37, 0.004641, 50, 0.006984], "like": [29, 0.003638, 53, 0.007403], "this": [166, 0.020823, 162, 0.022629], "would": [16, 0.002007, 19, 0.002654], "have": [55, 0.006899, 64, 0.00894], "on": [42, 0.005268, 51, 0.007124], "the": [629, 0.078901, 625, 0.087303], "mind": [8, 0.001004, 5, 0.000698], "first": [22, 0.00276, 32, 0.00447], "episode": [126, 0.015805, 109, 0.015226], "down": [7, 0.000878, 7, 0.000978], "well": [16, 0.002007, 11, 0.001537], "made": [7, 0.000878, 8, 0.001117], "me": [22, 0.00276, 24, 0.003352], "watching": [14, 0.001756, 23, 0.003213], "series": [45, 0.005645, 32, 0.00447], "film": [11, 0.00138, 2, 0.000279], "westworld": [58, 0.007275, 44, 0.006146], "in": [184, 0.023081, 143, 0.019975], "interesting": [14, 0.001756, 19, 0.002654], "of": [283, 0.035499, 214, 0.029892], "story": [47, 0.005896, 60, 0.008381], "was": [48, 0.006021, 116, 0.016203], "that": [141, 0.017687, 110, 0.015365], "later": [10, 0.001254, 3, 0.000419], "robots": [8, 0.001004, 9, 0.001257], "with": [102, 0.012795, 84, 0.011733], "it": [158, 0.019819, 189, 0.0264], "park": [28, 0.003512, 13, 0.001816], "nolan": [13, 0.001631, 1, 0.00014], "original": [8, 0.001004, 6, 0.000838], "scenes": [9, 0.001129, 12, 0.001676], "a": [240, 0.030105, 218, 0.030451], "mystery": [11, 0.00138, 5, 0.000698], "or": [31, 0.003889, 36, 0.005029], "hosts": [25, 0.003136, 19, 0.002654], "as": [67, 0.008404, 33, 0.00461], "they": [43, 0.005394, 51, 0.007124], "are": [72, 0.009032, 57, 0.007962], "here": [19, 0.002383, 9, 0.001257], "theme": [13, 0.001631, 4, 0.000559], "some": [33, 0.004139, 28, 0.003911], "them": [13, 0.001631, 15, 0.002095], "which": [16, 0.002007, 22, 0.003073], "has": [40, 0.005018, 28, 0.003911], "been": [12, 0.001505, 24, 0.003352], "going": [16, 0.002007, 20, 0.002794], "for": [75, 0.009408, 75, 0.010476], "were": [12, 0.001505, 19, 0.002654], "by": [43, 0.005394, 25, 0.003492], "dr": [19, 0.002383, 3, 0.000419], "ford": [41, 0.005143, 10, 0.001397], "anthony": [26, 0.003261, 6, 0.000838], "hopkins": [33, 0.004139, 7, 0.000978], "is": [255, 0.031987, 172, 0.024026], "bernard": [22, 0.00276, 10, 0.001397], "wright": [11, 0.00138, 3, 0.000419], "over": [5, 0.000627, 16, 0.002235], "from": [51, 0.006397, 34, 0.004749], "dolores": [31, 0.003889, 22, 0.003073], "evan": [12, 0.001505, 4, 0.000559], "rachel": [12, 0.001505, 4, 0.000559], "wood": [12, 0.001505, 5, 0.000698], "who": [36, 0.004516, 16, 0.002235], "being": [11, 0.00138, 7, 0.000978], "we": [65, 0.008154, 44, 0.006146], "she": [18, 0.002258, 17, 0.002375], "then": [9, 0.001129, 9, 0.001257], "teddy": [13, 0.001631, 8, 0.001117], "he": [28, 0.003512, 12, 0.001676], "also": [29, 0.003638, 10, 0.001397], "man": [24, 0.003011, 11, 0.001537], "black": [22, 0.00276, 10, 0.001397], "ed": [18, 0.002258, 4, 0.000559], "harris": [19, 0.002383, 4, 0.000559], "seems": [9, 0.001129, 17, 0.002375], "not": [34, 0.004265, 48, 0.006705], "if": [24, 0.003011, 35, 0.004889], "human": [17, 0.002132, 7, 0.000978], "at": [26, 0.003261, 27, 0.003771], "only": [17, 0.002132, 22, 0.003073], "bad": [6, 0.000753, 21, 0.002933], "can": [40, 0.005018, 26, 0.003632], "there": [40, 0.005018, 37, 0.005168], "host": [10, 0.001254, 5, 0.000698], "will": [35, 0.00439, 30, 0.004191], "an": [27, 0.003387, 21, 0.002933], "got": [12, 0.001505, 6, 0.000838], "find": [10, 0.001254, 8, 0.001117], "time": [27, 0.003387, 24, 0.003352], "two": [15, 0.001882, 12, 0.001676], "things": [18, 0.002258, 9, 0.001257], "very": [31, 0.003889, 24, 0.003352], "acting": [27, 0.003387, 13, 0.001816], "really": [22, 0.00276, 30, 0.004191], "quite": [11, 0.00138, 7, 0.000978], "good": [33, 0.004139, 26, 0.003632], "does": [12, 0.001505, 8, 0.001117], "give": [8, 0.001004, 10, 0.001397], "lines": [9, 0.001129, 16, 0.002235], "bit": [20, 0.002509, 17, 0.002375], "hard": [6, 0.000753, 11, 0.001537], "few": [5, 0.000627, 8, 0.001117], "make": [12, 0.001505, 16, 0.002235], "characters": [13, 0.001631, 27, 0.003771], "seem": [7, 0.000878, 13, 0.001816], "more": [53, 0.006648, 43, 0.006006], "second": [6, 0.000753, 11, 0.001537], "scene": [9, 0.001129, 4, 0.000559], "one": [50, 0.006272, 31, 0.00433], "character": [20, 0.002509, 9, 0.001257], "isn": [8, 0.001004, 5, 0.000698], "t": [50, 0.006272, 65, 0.009079], "all": [38, 0.004767, 57, 0.007962], "line": [11, 0.00138, 12, 0.001676], "actually": [8, 0.001004, 13, 0.001816], "writers": [4, 0.000502, 21, 0.002933], "no": [19, 0.002383, 28, 0.003911], "him": [15, 0.001882, 5, 0.000698], "than": [13, 0.001631, 13, 0.001816], "should": [7, 0.000878, 15, 0.002095], "do": [22, 0.00276, 16, 0.002235], "end": [19, 0.002383, 13, 0.001816], "up": [18, 0.002258, 24, 0.003352], "because": [14, 0.001756, 16, 0.002235], "people": [12, 0.001505, 13, 0.001816], "out": [19, 0.002383, 20, 0.002794], "s": [93, 0.011666, 96, 0.01341], "writing": [6, 0.000753, 8, 0.001117], "felt": [3, 0.000376, 11, 0.001537], "take": [10, 0.001254, 8, 0.001117], "world": [23, 0.002885, 14, 0.001956], "us": [13, 0.001631, 7, 0.000978], "show": [61, 0.007652, 48, 0.006705], "while": [14, 0.001756, 8, 0.001117], "its": [21, 0.002634, 10, 0.001397], "overall": [14, 0.001756, 6, 0.000838], "even": [16, 0.002007, 26, 0.003632], "could": [17, 0.002132, 13, 0.001816], "little": [24, 0.003011, 29, 0.004051], "now": [16, 0.002007, 28, 0.003911], "their": [16, 0.002007, 18, 0.002514], "feel": [9, 0.001129, 11, 0.001537], "get": [32, 0.004014, 25, 0.003492], "just": [30, 0.003763, 54, 0.007543], "viewer": [7, 0.000878, 10, 0.001397], "shows": [13, 0.001631, 7, 0.000978], "between": [15, 0.001882, 5, 0.000698], "something": [14, 0.001756, 10, 0.001397], "last": [13, 0.001631, 17, 0.002375], "but": [77, 0.009659, 83, 0.011594], "behind": [12, 0.001505, 3, 0.000419], "big": [14, 0.001756, 8, 0.001117], "his": [26, 0.003261, 8, 0.001117], "these": [8, 0.001004, 6, 0.000838], "care": [5, 0.000627, 15, 0.002095], "everything": [8, 0.001004, 9, 0.001257], "know": [19, 0.002383, 20, 0.002794], "other": [17, 0.002132, 11, 0.001537], "doesn": [6, 0.000753, 12, 0.001676], "job": [14, 0.001756, 5, 0.000698], "see": [19, 0.002383, 10, 0.001397], "action": [11, 0.00138, 7, 0.000978], "still": [18, 0.002258, 13, 0.001816], "so": [41, 0.005143, 61, 0.008521], "don": [16, 0.002007, 19, 0.002654], "yet": [13, 0.001631, 8, 0.001117], "where": [17, 0.002132, 16, 0.002235], "go": [8, 0.001004, 11, 0.001537], "game": [15, 0.001882, 4, 0.000559], "keep": [12, 0.001505, 7, 0.000978], "logan": [10, 0.001254, 5, 0.000698], "william": [21, 0.002634, 11, 0.001537], "different": [11, 0.00138, 10, 0.001397], "direction": [5, 0.000627, 8, 0.001117], "maeve": [25, 0.003136, 13, 0.001816], "her": [28, 0.003512, 20, 0.002794], "past": [10, 0.001254, 4, 0.000559], "after": [11, 0.00138, 16, 0.002235], "elsie": [11, 0.00138, 2, 0.000279], "plot": [16, 0.002007, 31, 0.00433], "intriguing": [13, 0.001631, 3, 0.000419], "my": [28, 0.003512, 22, 0.003073], "another": [17, 0.002132, 7, 0.000978], "episodes": [26, 0.003261, 24, 0.003352], "better": [7, 0.000878, 11, 0.001537], "gets": [7, 0.000878, 7, 0.000978], "new": [24, 0.003011, 15, 0.002095], "doing": [8, 0.001004, 11, 0.001537], "great": [53, 0.006648, 16, 0.002235], "part": [6, 0.000753, 8, 0.001117], "how": [18, 0.002258, 16, 0.002235], "slow": [8, 0.001004, 9, 0.001257], "much": [19, 0.002383, 16, 0.002235], "love": [6, 0.000753, 11, 0.001537], "same": [11, 0.00138, 9, 0.001257], "probably": [8, 0.001004, 5, 0.000698], "real": [10, 0.001254, 12, 0.001676], "why": [7, 0.000878, 15, 0.002095], "you": [56, 0.007025, 42, 0.005867], "come": [13, 0.001631, 6, 0.000838], "again": [12, 0.001505, 8, 0.001117], "lot": [10, 0.001254, 5, 0.000698], "back": [12, 0.001505, 9, 0.001257], "think": [17, 0.002132, 13, 0.001816], "way": [10, 0.001254, 19, 0.002654],