{"too": [13, 0.001938, 24, 0.003821], "and": [377, 0.056193, 289, 0.046012], "to": [228, 0.033984, 237, 0.037733], "be": [47, 0.007006, 57, 0.009075], "i": [128, 0.019079, 207, 0.032957], "what": [37, 0.005515, 50, 0.007961], "like": [29, 0.004323, 53, 0.008438], "this": [166, 0.024743, 162, 0.025792], "would": [16, 0.002385, 19, 0.003025], "have": [55, 0.008198, 64, 0.010189], "on": [42, 0.00626, 51, 0.00812], "the": [629, 0.093755, 625, 0.099506], "first": [22, 0.003279, 32, 0.005095], "episode": [126, 0.018781, 109, 0.017354], "well": [16, 0.002385, 11, 0.001751], "me": [22, 0.003279, 24, 0.003821], "watching": [14, 0.002087, 23, 0.003662], "series": [45, 0.006707, 32, 0.005095], "westworld": [58, 0.008645, 44, 0.007005], "in": [184, 0.027426, 143, 0.022767], "interesting": [14, 0.002087, 19, 0.003025], "of": [283, 0.042182, 214, 0.034071], "story": [47, 0.007006, 60, 0.009553], "was": [48, 0.007155, 116, 0.018468], "that": [141, 0.021017, 110, 0.017513], "with": [102, 0.015203, 84, 0.013374], "it": [158, 0.02355, 189, 0.030091], "park": [28, 0.004173, 13, 0.00207], "a": [240, 0.035773, 218, 0.034708], "or": [31, 0.004621, 36, 0.005732], "hosts": [25, 0.003726, 19, 0.003025], "as": [67, 0.009987, 33, 0.005254], "they": [43, 0.006409, 51, 0.00812], "are": [72, 0.010732, 57, 0.009075], "here": [19, 0.002832, 9, 0.001433], "some": [33, 0.004919, 28, 0.004458], "them": [13, 0.001938, 15, 0.002388], "which": [16, 0.002385, 22, 0.003503], "has": [40, 0.005962, 28, 0.004458], "been": [12, 0.001789, 24, 0.003821], "going": [16, 0.002385, 20, 0.003184], "for": [75, 0.011179, 75, 0.011941], "were": [12, 0.001789, 19, 0.003025], "by": [43, 0.006409, 25, 0.00398], "ford": [41, 0.006111, 10, 0.001592], "anthony": [26, 0.003875, 6, 0.000955], "hopkins": [33, 0.004919, 7, 0.001114], "is": [255, 0.038009, 172, 0.027384], "bernard": [22, 0.003279, 10, 0.001592], "from": [51, 0.007602, 34, 0.005413], "dolores": [31, 0.004621, 22, 0.003503], "who": [36, 0.005366, 16, 0.002547], "we": [65, 0.009688, 44, 0.007005], "she": [18, 0.002683, 17, 0.002707], "he": [28, 0.004173, 12, 0.001911], "also": [29, 0.004323, 10, 0.001592], "man": [24, 0.003577, 11, 0.001751], "black": [22, 0.003279, 10, 0.001592], "harris": [19, 0.002832, 4, 0.000637], "seems": [9, 0.001341, 17, 0.002707], "not": [34, 0.005068, 48, 0.007642], "if": [24, 0.003577, 35, 0.005572], "human": [17, 0.002534, 7, 0.001114], "at": [26, 0.003875, 27, 0.004299], "only": [17, 0.002534, 22, 0.003503], "bad": [6, 0.000894, 21, 0.003343], "can": [40, 0.005962, 26, 0.004139], "there": [40, 0.005962, 37, 0.005891], "will": [35, 0.005217, 30, 0.004776], "an": [27, 0.004024, 21, 0.003343], "time": [27, 0.004024, 24, 0.003821], "two": [15, 0.002236, 12, 0.001911], "things": [18, 0.002683, 9, 0.001433], "very": [31, 0.004621, 24, 0.003821], "acting": [27, 0.004024, 13, 0.00207], "really": [22, 0.003279, 30, 0.004776], "good": [33, 0.004919, 26, 0.004139], "lines": [9, 0.001341, 16, 0.002547], "bit": [20, 0.002981, 17, 0.002707], "make": [12, 0.001789, 16, 0.002547], "characters": [13, 0.001938, 27, 0.004299], "more": [53, 0.0079, 43, 0.006846], "one": [50, 0.007453, 31, 0.004936], "character": [20, 0.002981, 9, 0.001433], "t": [50, 0.007453, 65, 0.010349], "all": [38, 0.005664, 57, 0.009075], "line": [11, 0.00164, 12, 0.001911], "writers": [4, 0.000596, 21, 0.003343], "no": [19, 0.002832, 28, 0.004458], "than": [13, 0.001938, 13, 0.00207], "do": [22, 0.003279, 16, 0.002547], "end": [19, 0.002832, 13, 0.00207], "up": [18, 0.002683, 24, 0.003821], "because": [14, 0.002087, 16, 0.002547], "people": [12, 0.001789, 13, 0.00207], "out": [19, 0.002832, 20, 0.003184], "s": [93, 0.013862, 96, 0.015284], "world": [23, 0.003428, 14, 0.002229], "show": [61, 0.009092, 48, 0.007642], "its": [21, 0.00313, 10, 0.001592], "even": [16, 0.002385, 26, 0.004139], "could": [17, 0.002534, 13, 0.00207], "little": [24, 0.003577, 29, 0.004617], "now": [16, 0.002385, 28, 0.004458], "their": [16, 0.002385, 18, 0.002866], "get": [32, 0.00477, 25, 0.00398], "just": [30, 0.004472, 54, 0.008597], "something": [14, 0.002087, 10, 0.001592], "last": [13, 0.001938, 17, 0.002707], "but": [77, 0.011477, 83, 0.013214], "his": [26, 0.003875, 8, 0.001274], "know": [19, 0.002832, 20, 0.003184], "other": [17, 0.002534, 11, 0.001751], "see": [19, 0.002832, 10, 0.001592], "still": [18, 0.002683, 13, 0.00207], "so": [41, 0.006111, 61, 0.009712], "don": [16, 0.002385, 19, 0.003025], "where": [17, 0.002534, 16, 0.002547], "william": [21, 0.00313, 11, 0.001751], "maeve": [25, 0.003726, 13, 0.00207], "her": [28, 0.004173, 20, 0.003184], "after": [11, 0.00164, 16, 0.002547], "plot": [16, 0.002385, 31, 0.004936], "my": [28, 0.004173, 22, 0.003503], "another": [17, 0.002534, 7, 0.001114], "episodes": [26, 0.003875, 24, 0.003821], "new": [24, 0.003577, 15, 0.002388], "great": [53, 0.0079, 16, 0.002547], "how": [18, 0.002683, 16, 0.002547], "much": [19, 0.002832, 16, 0.002547], "you": [56, 0.008347, 42, 0.006687], "think": [17, 0.002534, 13, 0.00207], "way": [10, 0.001491, 19, 0.003025], "into": [17, 0.002534, 15, 0.002388], "when": [18, 0.002683, 18, 0.002866], "questions": [20, 0.002981, 9, 0.001433], "never": [18, 0.002683, 7, 0.001114], "every": [19, 0.002832, 6, 0.000955], "m": [16, 0.002385, 18, 0.002866], "many": [23, 0.003428, 20, 0.003184], "had": [9, 0.001341, 19, 0.003025], "watch": [6, 0.000894, 17, 0.002707], "most": [16, 0.002385, 10, 0.001592], "boring": [2, 0.000298, 29, 0.004617], "any": [15, 0.002236, 14, 0.002229], "season": [38, 0.005664, 121, 0.019264], "tv": [16, 0.002385, 9, 0.001433], "about": [35, 0.005217, 21, 0.003343], "ve": [9, 0.001341, 15, 0.002388], "best": [26, 0.003875, 3, 0.000478], "far": [15, 0.002236, 9, 0.001433]}