{"too": [42, 0.007359, 27, 0.009726], "what": [92, 0.016121, 53, 0.019092], "like": [87, 0.015244, 56, 0.020173], "would": [40, 0.007009, 22, 0.007925], "on": [98, 0.017172, 54, 0.019452], "first": [59, 0.010338, 35, 0.012608], "well": [32, 0.005607, 14, 0.005043], "me": [51, 0.008936, 27, 0.009726], "watching": [42, 0.007359, 26, 0.009366], "series": [82, 0.014368, 35, 0.012608], "interesting": [38, 0.006658, 22, 0.007925], "park": [46, 0.00806, 16, 0.005764], "or": [72, 0.012616, 39, 0.014049], "hosts": [49, 0.008586, 22, 0.007925], "they": [99, 0.017347, 54, 0.019452], "here": [33, 0.005782, 12, 0.004323], "some": [66, 0.011565, 31, 0.011167], "them": [33, 0.005782, 18, 0.006484], "which": [43, 0.007535, 25, 0.009006], "has": [73, 0.012791, 31, 0.011167], "been": [41, 0.007184, 27, 0.009726], "going": [41, 0.007184, 23, 0.008285], "were": [36, 0.006308, 22, 0.007925], "by": [73, 0.012791, 28, 0.010086], "ford": [56, 0.009813, 13, 0.004683], "anthony": [37, 0.006483, 9, 0.003242], "hopkins": [45, 0.007885, 10, 0.003602], "bernard": [37, 0.006483, 13, 0.004683], "from": [90, 0.01577, 37, 0.013329], "dolores": [58, 0.010163, 25, 0.009006], "who": [57, 0.009988, 19, 0.006844], "she": [40, 0.007009, 20, 0.007205], "he": [45, 0.007885, 15, 0.005403], "also": [44, 0.00771, 13, 0.004683], "man": [40, 0.007009, 14, 0.005043], "black": [37, 0.006483, 13, 0.004683], "harris": [28, 0.004906, 7, 0.002522], "seems": [31, 0.005432, 20, 0.007205], "not": [87, 0.015244, 51, 0.018372], "if": [64, 0.011214, 38, 0.013689], "human": [29, 0.005081, 10, 0.003602], "at": [58, 0.010163, 30, 0.010807], "only": [44, 0.00771, 25, 0.009006], "bad": [32, 0.005607, 24, 0.008646], "can": [71, 0.012441, 29, 0.010447], "there": [82, 0.014368, 40, 0.014409], "will": [70, 0.012266, 33, 0.011888], "an": [53, 0.009287, 24, 0.008646], "time": [56, 0.009813, 27, 0.009726], "two": [32, 0.005607, 15, 0.005403], "things": [32, 0.005607, 12, 0.004323], "very": [60, 0.010513, 27, 0.009726], "acting": [45, 0.007885, 16, 0.005764], "really": [57, 0.009988, 33, 0.011888], "good": [64, 0.011214, 29, 0.010447], "lines": [30, 0.005257, 19, 0.006844], "bit": [42, 0.007359, 20, 0.007205], "make": [33, 0.005782, 19, 0.006844], "characters": [45, 0.007885, 30, 0.010807], "one": [86, 0.015069, 34, 0.012248], "character": [34, 0.005958, 12, 0.004323], "all": [100, 0.017522, 60, 0.021614], "line": [28, 0.004906, 15, 0.005403], "writers": [30, 0.005257, 24, 0.008646], "no": [52, 0.009112, 31, 0.011167], "than": [31, 0.005432, 16, 0.005764], "do": [43, 0.007535, 19, 0.006844], "end": [37, 0.006483, 16, 0.005764], "up": [47, 0.008236, 27, 0.009726], "because": [35, 0.006133, 19, 0.006844], "people": [30, 0.005257, 16, 0.005764], "out": [44, 0.00771, 23, 0.008285], "world": [42, 0.007359, 17, 0.006124], "its": [36, 0.006308, 13, 0.004683], "even": [47, 0.008236, 29, 0.010447], "could": [35, 0.006133, 16, 0.005764], "little": [58, 0.010163, 32, 0.011527], "now": [49, 0.008586, 31, 0.011167], "their": [39, 0.006834, 21, 0.007565], "get": [62, 0.010864, 28, 0.010086], "just": [89, 0.015595, 57, 0.020533], "something": [29, 0.005081, 13, 0.004683], "last": [35, 0.006133, 20, 0.007205], "his": [39, 0.006834, 11, 0.003963], "know": [44, 0.00771, 23, 0.008285], "other": [33, 0.005782, 14, 0.005043], "see": [34, 0.005958, 13, 0.004683], "still": [36, 0.006308, 16, 0.005764], "don": [40, 0.007009, 22, 0.007925], "where": [38, 0.006658, 19, 0.006844], "william": [37, 0.006483, 14, 0.005043], "maeve": [43, 0.007535, 16, 0.005764], "her": [53, 0.009287, 23, 0.008285], "after": [32, 0.005607, 19, 0.006844], "plot": [52, 0.009112, 34, 0.012248], "my": [55, 0.009637, 25, 0.009006], "another": [29, 0.005081, 10, 0.003602], "episodes": [55, 0.009637, 27, 0.009726], "new": [44, 0.00771, 18, 0.006484], "great": [74, 0.012967, 19, 0.006844], "how": [39, 0.006834, 19, 0.006844], "much": [40, 0.007009, 19, 0.006844], "think": [35, 0.006133, 16, 0.005764], "way": [34, 0.005958, 22, 0.007925], "into": [37, 0.006483, 18, 0.006484], "when": [41, 0.007184, 21, 0.007565], "questions": [34, 0.005958, 12, 0.004323], "never": [30, 0.005257, 10, 0.003602], "every": [30, 0.005257, 9, 0.003242], "m": [39, 0.006834, 21, 0.007565], "many": [48, 0.008411, 23, 0.008285], "had": [33, 0.005782, 22, 0.007925], "watch": [28, 0.004906, 20, 0.007205], "most": [31, 0.005432, 13, 0.004683], "boring": [36, 0.006308, 32, 0.011527], "any": [34, 0.005958, 17, 0.006124], "tv": [30, 0.005257, 12, 0.004323], "about": [61, 0.010689, 24, 0.008646], "ve": [29, 0.005081, 18, 0.006484], "best": [34, 0.005958, 6, 0.002161], "far": [29, 0.005081, 12, 0.004323]}