{"too": [38, 0.004376, 25, 0.005851], "be": [105, 0.012091, 58, 0.013574], "what": [88, 0.010134, 51, 0.011935], "like": [83, 0.009558, 54, 0.012637], "this": [329, 0.037886, 163, 0.038147], "would": [36, 0.004146, 20, 0.004681], "have": [120, 0.013819, 65, 0.015212], "on": [94, 0.010825, 52, 0.012169], "first": [55, 0.006333, 33, 0.007723], "episode": [236, 0.027176, 110, 0.025743], "well": [28, 0.003224, 12, 0.002808], "me": [47, 0.005412, 25, 0.005851], "watching": [38, 0.004376, 24, 0.005617], "series": [78, 0.008982, 33, 0.007723], "westworld": [103, 0.011861, 45, 0.010531], "in": [328, 0.037771, 144, 0.0337], "interesting": [34, 0.003915, 20, 0.004681], "story": [108, 0.012437, 61, 0.014276], "was": [165, 0.019, 117, 0.027381], "that": [252, 0.029019, 111, 0.025977], "with": [187, 0.021534, 85, 0.019892], "park": [42, 0.004836, 14, 0.003276], "or": [68, 0.00783, 37, 0.008659], "hosts": [45, 0.005182, 20, 0.004681], "as": [101, 0.011631, 34, 0.007957], "they": [95, 0.01094, 52, 0.012169], "are": [130, 0.01497, 58, 0.013574], "here": [29, 0.003339, 10, 0.00234], "some": [62, 0.00714, 29, 0.006787], "them": [29, 0.003339, 16, 0.003744], "which": [39, 0.004491, 23, 0.005383], "has": [69, 0.007946, 29, 0.006787], "been": [37, 0.004261, 25, 0.005851], "going": [37, 0.004261, 21, 0.004915], "for": [151, 0.017388, 76, 0.017786], "were": [32, 0.003685, 20, 0.004681], "by": [69, 0.007946, 26, 0.006085], "ford": [52, 0.005988, 11, 0.002574], "anthony": [33, 0.0038, 7, 0.001638], "hopkins": [41, 0.004721, 8, 0.001872], "bernard": [33, 0.0038, 11, 0.002574], "from": [86, 0.009903, 35, 0.008191], "dolores": [54, 0.006218, 23, 0.005383], "who": [53, 0.006103, 17, 0.003978], "we": [110, 0.012667, 45, 0.010531], "she": [36, 0.004146, 18, 0.004212], "he": [41, 0.004721, 13, 0.003042], "also": [40, 0.004606, 11, 0.002574], "man": [36, 0.004146, 12, 0.002808], "black": [33, 0.0038, 11, 0.002574], "harris": [24, 0.002764, 5, 0.00117], "seems": [27, 0.003109, 18, 0.004212], "not": [83, 0.009558, 49, 0.011467], "if": [60, 0.006909, 36, 0.008425], "human": [25, 0.002879, 8, 0.001872], "at": [54, 0.006218, 28, 0.006553], "only": [40, 0.004606, 23, 0.005383], "bad": [28, 0.003224, 22, 0.005149], "can": [67, 0.007715, 27, 0.006319], "there": [78, 0.008982, 38, 0.008893], "will": [66, 0.0076, 31, 0.007255], "an": [49, 0.005643, 22, 0.005149], "time": [52, 0.005988, 25, 0.005851], "two": [28, 0.003224, 13, 0.003042], "things": [28, 0.003224, 10, 0.00234], "very": [56, 0.006449, 25, 0.005851], "acting": [41, 0.004721, 14, 0.003276], "really": [53, 0.006103, 31, 0.007255], "good": [60, 0.006909, 27, 0.006319], "lines": [26, 0.002994, 17, 0.003978], "bit": [38, 0.004376, 18, 0.004212], "make": [29, 0.003339, 17, 0.003978], "characters": [41, 0.004721, 28, 0.006553], "more": [97, 0.01117, 44, 0.010297], "one": [82, 0.009443, 32, 0.007489], "character": [30, 0.003455, 10, 0.00234], "t": [116, 0.013358, 66, 0.015446], "all": [96, 0.011055, 58, 0.013574], "line": [24, 0.002764, 13, 0.003042], "writers": [26, 0.002994, 22, 0.005149], "no": [48, 0.005527, 29, 0.006787], "than": [27, 0.003109, 14, 0.003276], "do": [39, 0.004491, 17, 0.003978], "end": [33, 0.0038, 14, 0.003276], "up": [43, 0.004952, 25, 0.005851], "because": [31, 0.00357, 17, 0.003978], "people": [26, 0.002994, 14, 0.003276], "out": [40, 0.004606, 21, 0.004915], "s": [190, 0.021879, 97, 0.022701], "world": [38, 0.004376, 15, 0.00351], "show": [110, 0.012667, 49, 0.011467], "its": [32, 0.003685, 11, 0.002574], "even": [43, 0.004952, 27, 0.006319], "could": [31, 0.00357, 14, 0.003276], "little": [54, 0.006218, 30, 0.007021], "now": [45, 0.005182, 29, 0.006787], "their": [35, 0.00403, 19, 0.004447], "get": [58, 0.006679, 26, 0.006085], "just": [85, 0.009788, 55, 0.012872], "something": [25, 0.002879, 11, 0.002574], "last": [31, 0.00357, 18, 0.004212], "but": [161, 0.01854, 84, 0.019658], "his": [35, 0.00403, 9, 0.002106], "know": [40, 0.004606, 21, 0.004915], "other": [29, 0.003339, 12, 0.002808], "see": [30, 0.003455, 11, 0.002574], "still": [32, 0.003685, 14, 0.003276], "so": [103, 0.011861, 62, 0.01451], "don": [36, 0.004146, 20, 0.004681], "where": [34, 0.003915, 17, 0.003978], "william": [33, 0.0038, 12, 0.002808], "maeve": [39, 0.004491, 14, 0.003276], "her": [49, 0.005643, 21, 0.004915], "after": [28, 0.003224, 17, 0.003978], "plot": [48, 0.005527, 32, 0.007489], "my": [51, 0.005873, 23, 0.005383], "another": [25, 0.002879, 8, 0.001872], "episodes": [51, 0.005873, 25, 0.005851], "new": [40, 0.004606, 16, 0.003744], "great": [70, 0.008061, 17, 0.003978], "how": [35, 0.00403, 17, 0.003978], "much": [36, 0.004146, 17, 0.003978], "you": [99, 0.0114, 43, 0.010063], "think": [31, 0.00357, 14, 0.003276], "way": [30, 0.003455, 20, 0.004681], "into": [33, 0.0038, 16, 0.003744], "when": [37, 0.004261, 19, 0.004447], "questions": [30, 0.003455, 10, 0.00234], "never": [26, 0.002994, 8, 0.001872], "every": [26, 0.002994, 7, 0.001638], "m": [35, 0.00403, 19, 0.004447], "many": [44, 0.005067, 21, 0.004915], "had": [29, 0.003339, 20, 0.004681], "watch": [24, 0.002764, 18, 0.004212], "most": [27, 0.003109, 11, 0.002574], "boring": [32, 0.003685, 30, 0.007021], "any": [30, 0.003455, 15, 0.00351], "season": [160, 0.018425, 122, 0.028551], "tv": [26, 0.002994, 10, 0.00234], "about": [57, 0.006564, 22, 0.005149], "ve": [25, 0.002879, 16, 0.003744], "best": [30, 0.003455, 4, 0.000936], "far": [25, 0.002879, 10, 0.00234]}